"id","first_name","last_name","created_at","profile_id","updated_at"
1,Gary,Friesen,2026-01-11 20:32:09.972 -0500,,2026-01-11 21:03:48.409 -0500
2,Jeff,Peckham,2026-01-11 20:33:38.681 -0500,,2026-01-11 21:03:48.409 -0500
3,Steve,Peckham,2026-01-11 20:33:38.681 -0500,,2026-01-11 21:03:48.409 -0500
4,Mike,Cw,2026-01-11 20:33:38.681 -0500,,2026-01-11 21:03:48.409 -0500
5,Zenon,Konopka,2026-01-11 20:33:38.681 -0500,,2026-01-11 21:03:48.409 -0500
6,Matt,Friesen,2026-01-11 20:33:38.681 -0500,,2026-01-11 21:03:48.409 -0500
7,Ryan,Fowler,2026-01-11 20:33:38.681 -0500,,2026-01-11 21:03:48.409 -0500
8,Jay,Reynolds,2026-01-11 20:33:38.681 -0500,,2026-01-11 21:03:48.409 -0500
9,Matt,Mines,2026-01-11 20:33:38.681 -0500,,2026-01-11 21:03:48.409 -0500
10,Eric,Teichgraf,2026-01-11 20:33:38.681 -0500,,2026-01-11 21:03:48.409 -0500
11,Kevin,Disher,2026-01-11 20:33:38.681 -0500,,2026-01-11 21:03:48.409 -0500
12,Travis,Saunders,2026-01-11 20:33:38.681 -0500,,2026-01-11 21:03:48.409 -0500
13,Mark,Lepp,2026-01-11 20:33:38.681 -0500,,2026-01-11 21:03:48.409 -0500
14,Corey,Fowler,2026-01-11 20:33:38.681 -0500,,2026-01-11 21:03:48.409 -0500
15,Corey,Motley,2026-01-11 20:33:38.681 -0500,,2026-01-11 21:03:48.409 -0500
16,Brian,Neufeld,2026-01-11 20:34:29.385 -0500,,2026-01-11 21:03:48.409 -0500
17,Devin,Sartor,2026-01-11 20:34:29.385 -0500,,2026-01-11 21:03:48.409 -0500
18,John,Vanderhoeven,2026-01-11 20:34:29.385 -0500,,2026-01-11 21:03:48.409 -0500
19,Garrett,Kazycki,2026-01-11 20:34:29.385 -0500,,2026-01-11 21:03:48.409 -0500
20,Josh,Petrokowski,2026-01-11 20:34:29.385 -0500,,2026-01-11 21:03:48.409 -0500
21,Greg,Litke,2026-01-11 20:34:29.385 -0500,,2026-01-11 21:03:48.409 -0500
22,Kevin,Coffey,2026-01-11 20:34:29.385 -0500,,2026-01-11 21:03:48.409 -0500
23,Thomas,Baker,2026-01-11 20:34:29.385 -0500,,2026-01-11 21:03:48.409 -0500
24,Mikey,Werner,2026-01-11 20:34:29.385 -0500,,2026-01-11 21:03:48.409 -0500
25,Neil,Wachs,2026-01-11 20:34:29.385 -0500,,2026-01-11 21:03:48.409 -0500
26,Corey,Paul,2026-01-11 20:34:29.385 -0500,,2026-01-11 21:03:48.409 -0500
27,Brad,Neudorf,2026-01-11 20:34:29.385 -0500,,2026-01-11 21:03:48.409 -0500
28,Travis,Kazycki,2026-01-11 20:34:29.385 -0500,,2026-01-11 21:03:48.409 -0500
29,Jay,Disher,2026-01-11 20:34:29.385 -0500,,2026-01-11 21:03:48.409 -0500
30,Ryan,Wagner,2026-01-11 20:34:29.385 -0500,,2026-01-11 21:03:48.409 -0500
31,Reid,Watson,2026-01-11 20:34:49.090 -0500,,2026-01-11 21:03:48.409 -0500
32,Cody,Wall,2026-01-11 20:34:49.090 -0500,,2026-01-11 21:03:48.409 -0500
33,Joe,Vanegmond,2026-01-11 20:34:49.090 -0500,,2026-01-11 21:03:48.409 -0500
34,Kyle,Greenside,2026-01-11 20:34:49.090 -0500,,2026-01-11 21:03:48.409 -0500
35,Shane,Wall,2026-01-11 20:34:49.090 -0500,,2026-01-11 21:03:48.409 -0500
36,Shawn,Merza,2026-01-11 20:34:49.090 -0500,,2026-01-11 21:03:48.409 -0500
37,Malcolm,Vanderzalm,2026-01-11 20:34:49.090 -0500,,2026-01-11 21:03:48.409 -0500
38,Brandon,Andres,2026-01-11 20:34:49.090 -0500,,2026-01-11 21:03:48.409 -0500
39,Dale,Landry,2026-01-11 20:34:49.090 -0500,,2026-01-11 21:03:48.409 -0500
40,Jarrod,Warren,2026-01-11 20:34:49.090 -0500,,2026-01-11 21:03:48.409 -0500
41,Eric,Vanderzalm,2026-01-11 20:34:49.090 -0500,,2026-01-11 21:03:48.409 -0500
42,Quinton,Spagnol,2026-01-11 20:34:49.090 -0500,,2026-01-11 21:03:48.409 -0500
43,Josh,Wicharyic,2026-01-11 20:34:49.090 -0500,,2026-01-11 21:03:48.409 -0500
44,Dave,Dehaan,2026-01-11 20:34:49.090 -0500,,2026-01-11 21:03:48.409 -0500
45,Layne,Gobeil,2026-01-11 20:34:49.090 -0500,,2026-01-11 21:03:48.409 -0500
46,Derek,Merza,2026-01-11 20:35:26.657 -0500,,2026-01-11 21:03:48.409 -0500
47,Jared,Hope,2026-01-11 20:35:26.657 -0500,,2026-01-11 21:03:48.409 -0500
48,Paul,Disher,2026-01-11 20:35:26.657 -0500,,2026-01-11 21:03:48.409 -0500
49,Mike,Hicks,2026-01-11 20:35:26.657 -0500,,2026-01-11 21:03:48.409 -0500
50,Adam,Epp,2026-01-11 20:35:26.657 -0500,,2026-01-11 21:03:48.409 -0500
51,Trevor,Vanderzalm,2026-01-11 20:35:26.657 -0500,,2026-01-11 21:03:48.409 -0500
52,Dan,Willms,2026-01-11 20:35:26.657 -0500,,2026-01-11 21:03:48.409 -0500
53,Ethan,Steip,2026-01-11 20:35:26.657 -0500,,2026-01-11 21:03:48.409 -0500
54,Scott,Falk,2026-01-11 20:35:26.657 -0500,,2026-01-11 21:03:48.409 -0500
55,Brad,Burns,2026-01-11 20:35:26.657 -0500,,2026-01-11 21:03:48.409 -0500
56,Brendan,Misener,2026-01-11 20:35:26.657 -0500,,2026-01-11 21:03:48.409 -0500
57,Jay,Haubrok,2026-01-11 20:35:26.657 -0500,,2026-01-11 21:03:48.409 -0500
58,Jeff,Sinclair,2026-01-11 20:35:26.657 -0500,,2026-01-11 21:03:48.409 -0500
59,Jeff,Martens,2026-01-11 20:35:26.657 -0500,,2026-01-11 21:03:48.409 -0500
60,Dan,Tiessen,2026-01-11 20:35:26.657 -0500,,2026-01-11 21:03:48.409 -0500
